<?xml version="1.0" encoding="UTF-8"?>
<!DOCTYPE fontscolors PUBLIC "-//NetBeans//DTD Editor Fonts and Colors settings 1.1//EN" "http://www.netbeans.org/dtds/EditorFontsColors-1_1.dtd">
<fontscolors>
    <fontcolor bgColor="fffc9d9f" name="debugger-mixed_BP"/>
    <fontcolor bgColor="ffdcdcd8" name="Dbx_Bpt_cmpx_hit_dis"/>
    <fontcolor bgColor="ffdcdcd8" name="OtherThreads_DBP"/>
    <fontcolor bgColor="ffbde6aa" name="OtherThread_PC"/>
    <fontcolor bgColor="ffbde6aa" name="debugger-PC_CBP_stroke"/>
    <fontcolor bgColor="fffc9d9f" name="Dbx_Bpt"/>
    <fontcolor bgColor="ffdcdcd8" name="DisabledFunctionBreakpoint"/>
    <fontcolor bgColor="ffe9ffe6" name="CurrentExpressionLine_CBP"/>
    <fontcolor bgColor="ffbde6aa" name="debugger-PC_CBP"/>
    <fontcolor bgColor="ffdcdcd8" name="DisabledBreakpoint"/>
    <fontcolor name="org-netbeans-spi-editor-hints-parser_annotation_todo_fixable"/>
    <fontcolor bgColor="fffc9d9f" name="FunctionBreakpoint"/>
    <fontcolor name="SyntaxError"/>
    <fontcolor name="Deprecation" waveUnderlined="ffc0c000"/>
    <fontcolor bgColor="ffdcdcd8" name="debugger-mixed_BP_broken"/>
    <fontcolor bgColor="ffbde6aa" name="Dbx_PC"/>
    <fontcolor bgColor="ffbde6aa" name="Dbx_Bpt_cmpx_hit_broken"/>
    <fontcolor bgColor="ffdcdcd8" name="CondBreakpoint_stroke"/>
    <fontcolor name="BreakpointCheck"/>
    <fontcolor name="Deprecation2"/>
    <fontcolor bgColor="fffc9d9f" name="CondBreakpoint"/>
    <fontcolor bgColor="fffc9d9f" name="AddressBreakpoint"/>
    <fontcolor bgColor="ffbde6aa" name="OtherThreads_BP_broken"/>
    <fontcolor bgColor="fffc9d9f" name="OtherThreads_BP"/>
    <fontcolor bgColor="ffbde6aa" name="CurrentPC"/>
    <fontcolor bgColor="fffc9d9f" name="Dbx_Bpt_compound"/>
    <fontcolor bgColor="ffbde6aa" name="debugger-PC_multi_DBPCBP"/>
    <fontcolor bgColor="fffc9d9f" name="OtherThread_BP"/>
    <fontcolor bgColor="ffdcdcd8" name="FunctionBreakpoint_broken"/>
    <fontcolor bgColor="ffdcdcd8" name="Dbx_Bpt_hit_dis"/>
    <fontcolor bgColor="fffc9d9f" name="debugger-multi_BPCBP"/>
    <fontcolor bgColor="ffdcdcd8" name="Dbx_Bpt_cmpx_broken_dis"/>
    <fontcolor bgColor="ffbde6aa" name="debugger-PC_DCBP_stroke"/>
    <fontcolor bgColor="ffe9ffe6" name="CurrentExpressionLine_DCBP"/>
    <fontcolor bgColor="ffe9ffe6" name="CurrentExpressionLine_BP"/>
    <fontcolor bgColor="fffc9d9f" name="Dbx_Bpt_cmpx_broken"/>
    <fontcolor bgColor="ffbde6aa" name="debugger-PC_multi_BPCBP"/>
    <fontcolor bgColor="fffc9d9f" name="CondFuncBreakpoint"/>
    <fontcolor name="Warning" waveUnderlined="ffc0c000"/>
    <fontcolor bgColor="ffdcdcd8" name="Dbx_Bpt_cmpx_dis"/>
    <fontcolor bgColor="ffdcdcd8" name="DisabledBreakpoint_stroke"/>
    <fontcolor bgColor="ffbde6aa" name="debugger-PC_CBP_broken"/>
    <fontcolor bgColor="ffe7e1ef" name="CallSiteCurrentContext"/>
    <fontcolor bgColor="ffe9ffe6" name="CurrentExpressionLine_DBP"/>
    <fontcolor bgColor="ffbde6aa" name="debugger-PC_multi_BPCBP_broken"/>
    <fontcolor bgColor="fffc9d9f" name="CondAddrBreakpoint"/>
    <fontcolor bgColor="ffbde6aa" name="debugger-PC_mixedBP_broken"/>
    <fontcolor bgColor="ffdcdcd8" name="DisabledCondAddrBreakpoint"/>
    <fontcolor bgColor="ffdcdcd8" name="DisabledCondFuncBreakpoint"/>
    <fontcolor bgColor="ffbde6aa" name="debugger-PC_DBP"/>
    <fontcolor bgColor="ffdcdcd8" name="DisabledCondBreakpoint"/>
    <fontcolor name="org-netbeans-spi-editor-hints-parser_annotation_todo"/>
    <fontcolor bgColor="ffbde6aa" name="debugger-PC_DCBP"/>
    <fontcolor name="BreakpointCheck_broken"/>
    <fontcolor bgColor="ffbde6aa" name="debugger-PC_mixedBP"/>
    <fontcolor bgColor="ffdcdcd8" name="debugger-multi_DBPCBP"/>
    <fontcolor bgColor="ffbde6aa" name="Dbx_Bpt_hit_broken"/>
    <fontcolor bgColor="ffdcdcd8" name="CondBreakpoint_broken"/>
    <fontcolor bgColor="darkGray" name="Breakpoint"/>
    <fontcolor bgColor="fffc9d9f" name="Dbx_Bpt_cmpx"/>
    <fontcolor name="Usage"/>
    <fontcolor bgColor="ffbde6aa" name="debugger-PC_BP_stroke"/>
    <fontcolor bgColor="ffdcdcd8" name="Dbx_Bpt_cmpx_hit_broken_dis"/>
    <fontcolor name="Error" waveUnderlined="red"/>
    <fontcolor bgColor="ffe7e1ef" name="CallSite"/>
    <fontcolor bgColor="ffbde6aa" name="debugger-PC_BP_broken"/>
    <fontcolor bgColor="ffbde6aa" name="debugger-PC_DBP_stroke"/>
    <fontcolor bgColor="ffdcdcd8" name="debugger-multi_BPCBP_broken"/>
    <fontcolor bgColor="ffdcdcd8" name="DisabledCondBreakpoint_stroke"/>
    <fontcolor bgColor="fffc9d9f" name="Dbx_Bpt_broken"/>
    <fontcolor bgColor="ffbde6aa" name="debugger-PC_BP"/>
    <fontcolor bgColor="ffdcdcd8" name="Breakpoint_stroke"/>
    <fontcolor name="BreakpointCheck_BL_broken"/>
    <fontcolor bgColor="ffe7e1ef" name="CallSiteCurrentContextException"/>
    <fontcolor bgColor="ffbde6aa" name="OtherThreads_PC_BP"/>
    <fontcolor bgColor="ffbde6aa" name="OtherThread_BP_broken"/>
    <fontcolor bgColor="ffdcdcd8" name="Breakpoint_broken"/>
    <fontcolor bgColor="ffbde6aa" name="Dbx_Bpt_compound_hit"/>
    <fontcolor bgColor="ffdcdcd8" name="Dbx_Bpt_hit_broken_dis"/>
    <fontcolor bgColor="ffbde6aa" name="Dbx_Bpt_cmpx_hit"/>
    <fontcolor bgColor="ffdcdcd8" name="Dbx_Bpt_dis"/>
    <fontcolor bgColor="ffbde6aa" name="OtherThread_PC_BP"/>
    <fontcolor bgColor="ffdcdcd8" name="Dbx_Bpt_broken_dis"/>
    <fontcolor bgColor="ffe9ffe6" name="CurrentExpressionLine"/>
    <fontcolor bgColor="ffbde6aa" name="Dbx_Bpt_hit"/>
    <fontcolor bgColor="ffdcdcd8" name="OtherThread_DBP"/>
    <fontcolor bgColor="ffdcdcd8" name="DisabledAddressBreakpoint"/>
</fontscolors>
